idDatosGrasas,codigoGrasa,Aceite Base,Espesante,Grado NLGI Consistencia,Viscosidad del Aceite Base a 40∞C. cSt,"PenetraciÛn de Cono a 25∞C, 0.1mm","Punto de Gota, ∞C","Estabilidad Mec·nica, %","Punto de Soldadura Cuatro Bolas, kgf","Desgaste Cuatro Bolas, mm",Indice de Carga-Desgaste,"Carga Timken Ok, lb","Resistencia al Lavado por Agua a 80∞C, %",Corrion EMCOR,CorrosiÛn al Cobre,Prueba FZG,Registro NSF,"Solidos Totales, %","TamaÒo de Particula, µ",Bombeabilidad,Clasificacion ISO 6743-9,"Presion de Flujo a -30∞C, mbar","Separacion del Aceite, %",Prevencion a la Corrosion,Estabilidad a la Oxidacion,Resistencia a la Humedad,pH,Factor de Torque,"Viscosidad Din·mica a 25∞C, cP",Biodegradabilidad en 28 dias (> 60%),Factor de Velocidad,"Temperatura de Servicio ∞C, min","Temperatura de Servicio ∞C, max",categoria,subtitulo,descripcion,beneficios,aplicaciones,color,textura
1,Grasa_1,Semi-Sintetico,Complejo Sulfonato de Calcio,2,680,279,304,1.07,500,,,60,0.58,,,,,,,,,,,,,,,,,,200000,5,220,Grasa,"Grasa de servicio pesado para alta resistencia al lavado por agua, temperatura y larga duraci√≥n. ","El producto es grasa lubricante de servicio pesado, espesada con jab√≥n complejo sulfonato de calcio que por su naturaleza es altamente resistente a la oxidaci√≥n, la corrosi√≥n y al lavado por agua. 
El producto posee excelentes propiedades sellantes, de resistencia a la humedad, mantiene alta protecci√≥n anticorrosiva y caracter√≠sticas de soporte de carga/anti-desgaste excepcionales. ","Excelentes caracter√≠sticas de resistencia al lavado por agua y sellado del rodamiento.
@Alta estabilidad t√©rmica y anti-oxidante.
@Excelente estabilidad de trabajo mec√°nico.
@Alta resistencia a extrema presi√≥n y desgaste.
@Excelente protecci√≥n contra corrosi√≥n y herrumbre.
@Alta adherencia a las partes met√°licas en movimiento.",Debido a su composici√≥n √≥ptima de aceites de alta calidad y espesante de jab√≥n complejo la grasa El producto puede usarse en aplicaciones de alta temperatura y en condiciones de trabajos severos por cargas mec√°nicas debido a su capacidad de carga y propiedades de extrema presi√≥n inherentes.,Caf√©,Suave
2,Grasa_2,Mineral HT,Complejo Sulfonato de Calcio,1.5,460,300,304,2.6,900,0.5,166,70,3,,1a,,,,,,,,,,,,,,,,300000,-30,150,Grasa,Grasa para lubricaci√≥n de equipo pesado.,"El producto es una grasa lubricante de gran adherencia y consistencia, con excelente resistencia al lavado de agua y alto soporte de carga extrema. 
La composici√≥n de los aceites y la base de jab√≥n complejo sulfonato de calcio proporciona excelente protecci√≥n anti-desgaste, alto soporte de carga extrema, protecci√≥n anti-corrosiva en medios qu√≠micamente agresivos, as√≠ como una excelente estabilidad mec√°nica, contiene 5% de lubricantes s√≥lidos para brindar una mayor resistencia a la pel√≠cula lubricante en condiciones extremas.","Extremo soporte de carga.
@Alto contenido de solidos.
@Alto soporte antidesgaste por vibraci√≥n.
@Adherencia extrema a los mecanismos.
@Protecci√≥n contra la corrosi√≥n.","Lubricaci√≥n centralizada de equipo pesado.
@Chasis y sistemas centralizados en palas mec√°nicas.
@Quinta rueda en camiones de carga.
@Rodamientos expuestos a alta carga y vibraci√≥n.
@Cojinetes de quebradoras de cono.",Negro,Adherente
3,Grasa_3,Mineral HT,Complejo Sulfonato de Calcio,2,460,265 - 295,300,10,500,0.48,,,3,,,,,,,,,,,,,,,,,,,-10,150,Grasa,Grasa para lubricaci√≥n de equipo pesado.,"El producto es una grasa lubricante de gran adherencia y consistencia, con excelente resistencia al lavado de agua y alto soporte de carga extrema. 
La composici√≥n de los aceites y la base de jab√≥n complejo sulfonato de calcio proporciona excelente protecci√≥n anti-desgaste, alto soporte de carga extrema, protecci√≥n anti-corrosiva en medios qu√≠micamente agresivos, as√≠ como una excelente estabilidad mec√°nica, contiene lubricantes s√≥lidos para brindar una mayor resistencia a la pel√≠cula lubricante en condiciones extremas.","Extremo soporte de carga.
@Alto contenido de solidos.
@Alto soporte antidesgaste por vibraci√≥n.
@Adherencia extrema a los mecanismos.
@Protecci√≥n contra la corrosi√≥n.","Lubricaci√≥n centralizada de equipo pesado.
@Chasis y sistemas centralizados en palas mec√°nicas.
@Quinta rueda en camiones de carga.
@Rodamientos expuestos a alta carga y vibraci√≥n.
@Cojinetes de quebradoras de cono.",Negro,Adherente
4,Grasa_4,Mineral HT,Complejo Sulfonato de Calcio,2,220,266 - 295,300,5,500,0.45,,,3,,,,,,,Buena,,,,,,,,,,,,-15,150,Grasa,Grasa lubricante para condiciones extremas.,"El producto es una grasa lubricante elaborada con una mezcla de bases minerales espesada con complejo sulfonato de calcio el cual por su naturaleza le provee una extraordinaria resistencia t√©rmica y antioxidante, con una configuraci√≥n de aditivos anti-oxidantes, anti-corrosivos, anti-herrumbrantes, anti-desgaste y de extrema presi√≥n que le permite mantener una excelente lubricidad y soporte de carga extrema en condiciones criticas.","Alta estabilidad t√©rmica y anti-oxidante.
@Excelentes caracter√≠sticas de lavado por agua.
@Alta resistencia a extrema presi√≥n y desgaste.
@Excelente protecci√≥n contra corrosi√≥n y herrumbre.
@Alta adherencia a las partes met√°licas en movimiento.","Rodamientos expuestos a alta temperatura y cargas mec√°nicas.
@Rodamientos de trenes de laminado de metales.
@Rodamientos en condiciones de extremo lavado por agua.",Ambar,Suave
5,Grasa_5,Mineral HT,Complejo de Aluminio - Poliurea,1.5,680,295,260,6.5,620,0.48,,50,1.45,,1a,,,,,,,,,,,,,,,,,-5,150,Grasa,Grasa lubricante para servicio pesado con alta resistencia a humedad y alto soporte a cargas extremas.,"El producto es un grasa lubricante con propiedades especiales de gran adhesi√≥n y elevado soporte a cargas extremas, esta elaborada a base de aceites minerales altamente refinados espesados con un agente complejo de Aluminio-Poliurea, as√≠ como una excelente estabilidad mec√°nica, contiene 5% de lubricantes s√≥lidos para brindar una mayor resistencia a la pel√≠cula lubricante en condiciones extremas.","Excelente soporte de carga extrema.
@Excelente resistencia al lavado por agua.
@Alta resistencia a medios qu√≠micos agresivos.
@Excelente adherencia a partes en movimiento.
@Gran protecci√≥n contra la corrosi√≥n.","El producto es ideal para la lubricaci√≥n de mecanismos que operan en velocidades bajas, adem√°s proporciona excelentes propiedades de sellado contra los medios h√∫medos y contaminantes agresivos como sustancias alcalinas y acidas.
@Lubricaci√≥n de equipo pesado.
@Rodamientos sometidos a alta carga y vibraci√≥n.
@Palas Mec√°nicas y equipo m√≥vil.
@Cojinetes de quebradoras.
@Acoplamientos.",Negro,Adherente
6,Grasa_6,Mineral HT,Complejo de Aluminio - Poliurea,2,680,275,260,6.5,620,0.48,,50,1.45,,1a,,,,,,,,,,,,,,,,,-5,150,Grasa,Grasa lubricante para servicio pesado con alta resistencia a humedad y alto soporte a cargas extremas.,"El producto es un grasa lubricante con propiedades especiales de gran adhesi√≥n y elevado soporte a cargas extremas, esta elaborada a base de aceites minerales altamente refinados espesados con un agente complejo de Aluminio-Poliurea, as√≠ como una excelente estabilidad mec√°nica, contiene 5% de lubricantes s√≥lidos para brindar una mayor resistencia a la pel√≠cula lubricante en condiciones extremas.","Excelente soporte de carga extrema.
@Excelente resistencia al lavado por agua.
@Alta resistencia a medios qu√≠micos agresivos.
@Excelente adherencia a partes en movimiento.
@Gran protecci√≥n contra la corrosi√≥n.","El producto es ideal para la lubricaci√≥n de mecanismos que operan en velocidades bajas, adem√°s proporciona excelentes propiedades de sellado contra los medios h√∫medos y contaminantes agresivos como sustancias alcalinas y acidas.
@Lubricaci√≥n de equipo pesado.
@Rodamientos sometidos a alta carga y vibraci√≥n.
@Palas Mec√°nicas y equipo m√≥vil.
@Cojinetes de quebradoras.
@Acoplamientos.",Negro,Adherente
7,Grasa_7,Mineral HT,Complejo de Aluminio,1,3800,320,280,,500,,,40,,,,,,,,,,,,,,,,,,,,-5,120,Grasa,Grasa lubricante especial para cables.,"El producto es una grasa especial para engranajes abiertos de baja velocidad lubricados por inmersi√≥n o en forma manual, as√≠ como para la lubricaci√≥n y conservaci√≥n de cables de gr√∫as.
El producto est√° formulado con aceite b√°sico de muy alta viscosidad, agentes espesantes de jab√≥n de aluminio complejo para garantizar la polaridad hacia los metales y lubricantes s√≥lidos de grafito micronizados para aumentar la capacidad de soporte de carga.","Excelentes caracter√≠sticas t√©rmicas.
@Excelente adherencia a los metales.
@Excelente resistencia al agua.
@Excelentes propiedades de extrema presi√≥n.","Se recomienda en la lubricaci√≥n de engranajes abiertos de baja velocidad como los de molinos, de hornos giratorios, as√≠ como tambi√©n transmisiones abiertas de gr√∫as y malacates.
@Se recomienda tambi√©n para la lubricaci√≥n de cables de acero de gr√∫as en ambientes contaminados o en condiciones de salinidad.",Negro,Adherente
8,Grasa_8,Mineral HT,Complejo Sulfonato de Calcio,0,800,370,304,1.6,900,0.5,166,70,,,1a,,,,,,,,,,,,,,,,300000,-30,150,Grasa,Grasa para lubricaci√≥n de equipo pesado.,"El producto es una grasa lubricante de gran adherencia y consistencia, con excelente resistencia al lavado de agua y alto soporte de carga extrema. 
La composici√≥n de los aceites y la base de jab√≥n complejo sulfonato de calcio proporciona excelente protecci√≥n anti-desgaste, alto soporte de carga extrema, protecci√≥n anti-corrosiva en medios qu√≠micamente agresivos, as√≠ como una excelente estabilidad mec√°nica, contiene 5% de lubricantes s√≥lidos para brindar una mayor resistencia a la pel√≠cula lubricante en condiciones extremas.","Extremo soporte de carga.
@Alto contenido de solidos.
@Alto soporte antidesgaste por vibraci√≥n.
@Adherencia extrema a los mecanismos.
@Protecci√≥n contra la corrosi√≥n.","Lubricaci√≥n centralizada de equipo pesado.
@Chasis y sistemas centralizados en palas mec√°nicas.
@Quinta rueda en camiones de carga.
@Rodamientos expuestos a alta carga y vibraci√≥n.
@Cojinetes de quebradoras de cono.",Negro,Adherente
9,Grasa_9,Mineral HT,Complejo Sulfonato de Calcio,1,800,312,304,1.6,900,0.5,166,70,3,,1a,,,,,,,,,,,,,,,,300000,-30,150,Grasa,Grasa para lubricaci√≥n de equipo pesado.,"El producto es una grasa lubricante de gran adherencia y consistencia, con excelente resistencia al lavado de agua y alto soporte de carga extrema. 
La composici√≥n de los aceites y la base de jab√≥n complejo sulfonato de calcio proporciona excelente protecci√≥n anti-desgaste, alto soporte de carga extrema, protecci√≥n anti-corrosiva en medios qu√≠micamente agresivos, as√≠ como una excelente estabilidad mec√°nica, contiene 5% de lubricantes s√≥lidos para brindar una mayor resistencia a la pel√≠cula lubricante en condiciones extremas.","Extremo soporte de carga.
@Alto contenido de solidos.
@Alto soporte antidesgaste por vibraci√≥n.
@Adherencia extrema a los mecanismos.
@Protecci√≥n contra la corrosi√≥n.","Lubricaci√≥n centralizada de equipo pesado.
@Chasis y sistemas centralizados en palas mec√°nicas.
@Quinta rueda en camiones de carga.
@Rodamientos expuestos a alta carga y vibraci√≥n.
@Cojinetes de quebradoras de cono.",Negro,Adherente
10,Grasa_10,Mineral HT,Complejo Sulfonato de Calcio,1.5,800,300,304,2.6,900,0.5,166,70,3,,1a,,,,,,,,,,,,,,,,300000,-30,150,Grasa,Grasa para lubricaci√≥n de equipo pesado.,"El producto es una grasa lubricante de gran adherencia y consistencia, con excelente resistencia al lavado de agua y alto soporte de carga extrema. 
La composici√≥n de los aceites y la base de jab√≥n complejo sulfonato de calcio proporciona excelente protecci√≥n anti-desgaste, alto soporte de carga extrema, protecci√≥n anti-corrosiva en medios qu√≠micamente agresivos, as√≠ como una excelente estabilidad mec√°nica, contiene 5% de lubricantes s√≥lidos para brindar una mayor resistencia a la pel√≠cula lubricante en condiciones extremas.","Extremo soporte de carga.
@Alto contenido de solidos.
@Alto soporte antidesgaste por vibraci√≥n.
@Adherencia extrema a los mecanismos.
@Protecci√≥n contra la corrosi√≥n.","Lubricaci√≥n centralizada de equipo pesado.
@Chasis y sistemas centralizados en palas mec√°nicas.
@Quinta rueda en camiones de carga.
@Rodamientos expuestos a alta carga y vibraci√≥n.
@Cojinetes de quebradoras de cono.",Negro,Adherente
11,Grasa_11,Mineral HT,Complejo Sulfonato de Calcio,2,800,269,304,1.5,900,0.5,166,70,2.8,,1a,,,,,,,,,,,,,,,,300000,-8,150,Grasa,Grasa para lubricaci√≥n de equipo pesado.,"El producto es una grasa lubricante de gran adherencia y consistencia, con excelente resistencia al lavado de agua y alto soporte de carga extrema. 
La composici√≥n de los aceites y la base de jab√≥n complejo sulfonato de calcio proporciona excelente protecci√≥n anti-desgaste, alto soporte de carga extrema, protecci√≥n anti-corrosiva en medios qu√≠micamente agresivos, as√≠ como una excelente estabilidad mec√°nica, contiene 5% de lubricantes s√≥lidos para brindar una mayor resistencia a la pel√≠cula lubricante en condiciones extremas.","Extremo soporte de carga.
@Alto contenido de solidos.
@Alto soporte antidesgaste por vibraci√≥n.
@Adherencia extrema a los mecanismos.
@Protecci√≥n contra la corrosi√≥n.","Lubricaci√≥n centralizada de equipo pesado.
@Chasis y sistemas centralizados en palas mec√°nicas.
@Quinta rueda en camiones de carga.
@Rodamientos expuestos a alta carga y vibraci√≥n.
@Cojinetes de quebradoras de cono.",Negro,Adherente
12,Grasa_12,Mineral HT,Complejo Sulfonato de Calcio,3,800,248,304,3.8,900,0.5,166,70,2.4,,1a,,,,,,,,,,,,,,,,300000,5,150,Grasa,Grasa para lubricaci√≥n de equipo pesado.,"El producto es una grasa lubricante de gran adherencia y consistencia, con excelente resistencia al lavado de agua y alto soporte de carga extrema. 
La composici√≥n de los aceites y la base de jab√≥n complejo sulfonato de calcio proporciona excelente protecci√≥n anti-desgaste, alto soporte de carga extrema, protecci√≥n anti-corrosiva en medios qu√≠micamente agresivos, as√≠ como una excelente estabilidad mec√°nica, contiene 5% de lubricantes s√≥lidos para brindar una mayor resistencia a la pel√≠cula lubricante en condiciones extremas.","Extremo soporte de carga.
@Alto contenido de solidos.
@Alto soporte antidesgaste por vibraci√≥n.
@Adherencia extrema a los mecanismos.
@Protecci√≥n contra la corrosi√≥n.","Lubricaci√≥n centralizada de equipo pesado.
@Chasis y sistemas centralizados en palas mec√°nicas.
@Quinta rueda en camiones de carga.
@Rodamientos expuestos a alta carga y vibraci√≥n.
@Cojinetes de quebradoras de cono.",Negro,Adherente
13,Grasa_13,Mineral Refinado,Complejo Sulfonato de Calcio,1,460,320,304,0.8,500,,,60,0.4,,,,,,,,L-XBCEB 1,,,,,,,,,,,-20,190,Grasa,"Grasa de servicio pesado para alta temperatura, larga duraci√≥n y resistente al lavado por agua.","El producto es una grasa lubricante de servicio pesado, espesada con un novedoso jab√≥n de complejo sulfonato de calcio que por su naturaleza es altamente resistente a la oxidaci√≥n, la corrosi√≥n y al lavado por agua, posee excelentes propiedades de lubricaci√≥n en condiciones de cargas severas y de extrema presi√≥n, junto con su propiedad de sellar eficazmente contra influencias ambientales y en especial del agua.","Alta estabilidad t√©rmica y anti-oxidante.
@Excelente estabilidad de trabajo mec√°nico.
@Alta resistencia a extrema presi√≥n y desgaste.
@Excelente protecci√≥n contra corrosi√≥n y herrumbre.
@Alta adherencia a las partes met√°licas en movimiento.
@Excelentes caracter√≠sticas de lavado por agua y sellado del rodamiento.","El producto puede usarse en aplicaciones de alta temperatura y en condiciones de trabajos severos por cargas mec√°nicas debido a su capacidad de carga y propiedades de extrema presi√≥n inherentes.
@Para la lubricaci√≥n de rodamientos, chumaceras, cojinetes, y otro tipo de mecanismos que trabajen en condiciones adversas y trabajo severo. 
@En las industrias minera, sider√∫rgica, papelera, cementera, automotriz, embotelladora, etc.
@La versi√≥n El producto Moly se recomienda para aplicaciones donde existen vibraciones e impactos.",Caf√© Claro,Suave
14,Grasa_14,Mineral Refinado,Complejo Sulfonato de Calcio,2,460,280,304,0.8,500,,,60,0.4,,,,,,,,L-XBCEB 2,,,,,,,,,,,-20,190,Grasa,"Grasa de servicio pesado para alta temperatura, larga duraci√≥n y resistente al lavado por agua.","El producto es una grasa lubricante de servicio pesado, espesada con un novedoso jab√≥n de complejo sulfonato de calcio que por su naturaleza es altamente resistente a la oxidaci√≥n, la corrosi√≥n y al lavado por agua, posee excelentes propiedades de lubricaci√≥n en condiciones de cargas severas y de extrema presi√≥n, junto con su propiedad de sellar eficazmente contra influencias ambientales y en especial del agua.","Alta estabilidad t√©rmica y anti-oxidante.
@Excelente estabilidad de trabajo mec√°nico.
@Alta resistencia a extrema presi√≥n y desgaste.
@Excelente protecci√≥n contra corrosi√≥n y herrumbre.
@Alta adherencia a las partes met√°licas en movimiento.
@Excelentes caracter√≠sticas de lavado por agua y sellado del rodamiento.","El producto puede usarse en aplicaciones de alta temperatura y en condiciones de trabajos severos por cargas mec√°nicas debido a su capacidad de carga y propiedades de extrema presi√≥n inherentes.
@Para la lubricaci√≥n de rodamientos, chumaceras, cojinetes, y otro tipo de mecanismos que trabajen en condiciones adversas y trabajo severo. 
@En las industrias minera, sider√∫rgica, papelera, cementera, automotriz, embotelladora, etc.
@La versi√≥n El producto Moly se recomienda para aplicaciones donde existen vibraciones e impactos.",Caf√© Claro,Suave
15,Grasa_15,Mineral,Complejo Sulfonato de Calcio,2,700,266 - 295,290,< 10,315,,,60,< 3,,,,,,,Buena,,,,,,,,,,,,-15,150,Grasa,Grasa lubricante para condiciones extremas.,"El producto es una grasa lubricante elaborada con una mezcla de bases minerales espesada con complejo sulfonato de calcio el cual por su naturaleza le provee una extraordinaria resistencia t√©rmica y antioxidante y con una configuraci√≥n de aditivos anti-oxidantes, anti-corrosivos, anti-herrumbrantes, anti-desgaste y de extrema presi√≥n que le permite mantener una excelente lubricidad y soporte de carga extrema en condiciones criticas.","Alta estabilidad t√©rmica y anti-oxidante.
@Excelentes caracter√≠sticas de lavado por agua.
@Alta resistencia a extrema presi√≥n y desgaste.
@Excelente protecci√≥n contra corrosi√≥n y herrumbre.
@Alta adherencia a las partes met√°licas en movimiento.","Rodamientos expuestos a alta temperatura y cargas mec√°nicas.
@Rodamientos de trenes de laminado de metales.
@Rodamientos en condiciones de extremo lavado por agua.",Beige,Adherente
16,Grasa_16,,,2,,270,295,5,,,,,1,,,,,,,,,,,,,,,,,,150000,-10,150,Grasa,Grasa lubricante sellante para v√°lvulas de servicio en larga duraci√≥n resistentes a gas natural y L.P.,"El producto es una grasa de efecto sellante con una mezcla de aceites bases altamente refinados, aditivos de anti-desgaste y compuestos adherentes para la lubricaci√≥n y sellado de v√°lvulas tipo macho.","Resistencia a gas natural y gas L.P.
@Gran capacidad de sellado.
@Excepcional efecto deslizante y anti-desgaste.
@Larga vida de operaci√≥n.
@Excelente comportamiento en temperatura ambiente extremas.","Por su acci√≥n deslizante, lubricante y sellante su uso es muy adecuado en v√°lvulas tipo de estufa, reguladores de gas y termo reguladores de gas Natural y gas L.P.",Ambar,Suave Adhesiva
17,Grasa_17,Mineral USP,Complejo de Aluminio,2,480,275,260,4,250,0.6,,40,2,,,,164358,,,,,,,,,,,,,,350000,-5,180,Grasa,Grasa de alta resistencia para industria alimenticia y farmac√©utica.,"El producto es una grasa lubricante formulada con una base altamente resistente a la humedad y medios qu√≠micos, com√∫nmente utilizados en la industria alimenticia, se recomienda para aplicaciones especiales y generales en la industria alimenticia, es resistente a altas temperaturas, condiciones de humedad, vapores y desinfectantes.
@El producto est√° aprobada por NSF como lubricante tipo H1 para contacto incidental con alimentos.","Excelente resistencia contra la humedad.
@Alta soporte de temperatura.
@Excelentes propiedades anti-desgaste.
@Desempe√±o sobresaliente en mediana velocidad.","Lubricaci√≥n de rodamientos en condiciones extremas de contaminaci√≥n.
@Rodamientos expuestos a media velocidad.
@Para cojinetes lisos en baja velocidad.",Blanco,Suave
18,Grasa_18,,Silica,2,680,280,No Gotea,8,800,,,,5,,,,,,,,,,,,,,,,,,,5,210,Grasa,Grasa lubricante para rodamientos de peletizadoras de madera.,"El producto es una grasa lubricante que posee excelentes propiedades de lubricaci√≥n en condiciones de alta temperatura y extrema presi√≥n.
Especialmente dise√±ada para soportar condiciones de alta fricci√≥n y temperatura en las peletizadoras de madera, contiene un conjunto de aditivos y lubricantes s√≥lidos que le permiten mantener condiciones lubricantes de emergencia bajo condiciones de carga, fricci√≥n y vibraci√≥n, es altamente estable a la temperatura no perdiendo su estructura con los cambios.","Alta estabilidad t√©rmica y antioxidante.
@Excelente estabilidad de trabajo mec√°nico.
@Resistencia a extrema presi√≥n y desgaste.
@Excelente protecci√≥n contra corrosi√≥n y herrumbre.
@Alta adherencia a las partes met√°licas en movimiento.
@Excelentes caracter√≠sticas de sellado del rodamiento.","Especialmente dise√±ada para la lubricaci√≥n de rodamientos de mediana a alta velocidad, en peletizadoras de madera.
@Cuenta con un excelente desempe√±o en la lubricaci√≥n de rodamientos, gu√≠as, correderas, bujes, engranes peque√±os y elementos mec√°nicos.",Beige,Adherente
19,Grasa_19,,Silica,2,680,240,304,9.8,315,,,40,5,,,,,,,,,,,,,,,,,,,0,240,Grasa,Grasa para alta temperatura y larga duraci√≥n.,"El producto es una grasa lubricante que posee excelentes propiedades de lubricaci√≥n en condiciones de alta temperatura as√≠ como extrema presi√≥n.
Especialmente dise√±ada para soportar condiciones de extrema temperatura por largos periodos en las cuales las grasas convencionales de jab√≥n no son funcionales a 240¬∫C, es altamente estable a la temperatura no perdiendo su estructura con los cambios.","Alta estabilidad t√©rmica y antioxidante.
@Excelente estabilidad de trabajo mec√°nico.
@Resistencia a extrema presi√≥n y desgaste.
@Excelente protecci√≥n contra corrosi√≥n y herrumbre.
@Alta adherencia a las partes met√°licas en movimiento.
@Excelentes caracter√≠sticas de lavado por agua y sellado del rodamiento.",Lubricante de uso general para cojinetes y rodamientos de bolas o de rodillos expuestos a temperaturas hasta 240¬∫C.,Ambar,Suave
20,Grasa_20,Mineral HT,Complejo de Litio,1.2,400,290 - 310,235,,250,,,,,0/0,,,,,,,,800,< 5,,,< 0.5,,,,,,-25,150,Grasa,Grasa adherente para mecanismos automotrices.,"El producto  Grasa Lubricante con gran adherencia, excelente resistencia a la humedad, Extrema Presi√≥n y temperaturas bajas y altas.
La composici√≥n de su aceite b√°sico hidrotratado, espesante de complejo de litio  y aditivada con microparticulas que le proveen de mayor protecci√≥n contra el desgaste, la corrosi√≥n adem√°s de excelente estabilidad al trabajo mec√°nico.","Adhesi√≥n extrema a elementos mec√°nicos.
@Alta protecci√≥n contra la corrosi√≥n.
@Excelente resistencia a la oxidaci√≥n.
@Soporte de carga extremo.
@Sobresaliente resistencia al lavado por agua.
@Buen flujo en baja temperatura.","Mecanismos expuestos a medio ambiente.
@Rodamientos de ruedas.
@Acoplamientos.
@Terminales de direcci√≥n.
@Pivotes de Suspensi√≥n.",Beige Claro,Adherente
21,Grasa_21,Mineral,Complejo de Aluminio,0,220,460,110,,315,,,40,,,,,,,,,,,,,,,,,,,300000,-5,160,Grasa,Grasa especial para la industria alimenticia y farmac√©utica.,"El producto es una grasa lubricante para aplicaciones generales en la industria alimenticia, es resistente a condiciones de humedad, vapores y desinfectantes utilizados en estas industrias.
El producto est√° aprobada por NSF como lubricante tipo H1 para contacto incidental con alimentos.","El producto tiene excelente desempe√±o en la lubricaci√≥n de gu√≠as, correderas, bujes y elementos mec√°nicos.
@El producto es poco reactiva y totalmente neutra a materiales org√°nicos e inorg√°nicos, metales ferrosos, blandos, pl√°sticos y cauchos.","El producto est√° especialmente dise√±ada para la lubricaci√≥n de rodamientos de mediana y baja velocidad, en los cuales eventualmente, se pudiera tener perdida de lubricante y este ultimo entre en contacto con los alimentos.
@Generalmente se recomienda El producto 0, 00 y 000 para aplicarse en sistemas centralizados de lubricaci√≥n y por inmersi√≥n para lubricar engranes y rodamientos que as√≠ lo requieran.",Blanco,Suave
22,Grasa_22,Mineral USP,Complejo de Aluminio,1,100,320,255,3.2,250,,,40,3,,,,,,,,,,,,,,,,,,900000,-10,160,Grasa,Grasa especial para la industria alimenticia y farmac√©utica.,"El producto es una grasa lubricante para aplicaciones generales en la industria alimenticia,  resistente a condiciones de humedad, vapores y desinfectantes utilizados en la estas industrias.
El producto cumple con los lineamientos de la NSF (National Sanitation Foundation) como lubricante tipo H1 para contacto incidental con alimentos.","Evita la formaci√≥n de grumos en rodamientos.
@Evita el escurrimiento inhibiendo la contaminaci√≥n.
@Disminuye el consumo de lubricante.
@Alta resistencia a la humedad.
@Excelentes propiedades antidesgaste.
@Desempe√±o sobresaliente en mediana y alta velocidad.","El producto est√° especialmente dise√±ada para la lubricaci√≥n de rodamientos de mediana y alta velocidad en los cuales eventualmente se pudiera tener perdida de lubricante y este ultimo entrar en contacto con el alimento.
@El producto tiene excelente desempe√±o en la lubricaci√≥n de gu√≠as, correderas, bujes y elementos mec√°nicos, es poco reactiva y totalmente neutra a materiales org√°nicos e inorg√°nicos, metales ferrosos, blandos, pl√°sticos y cauchos.",Blanco,Suave
23,Grasa_23,Mineral USP,Complejo de Aluminio,2,100,275,255,3.2,250,,,40,3,,,,,,,,,,,,,,,,,,900000,-10,160,Grasa,Grasa especial para la industria alimenticia y farmac√©utica.,"El producto es una grasa lubricante para aplicaciones generales en la industria alimenticia,  resistente a condiciones de humedad, vapores y desinfectantes utilizados en la estas industrias.
El producto cumple con los lineamientos de la NSF (National Sanitation Foundation) como lubricante tipo H1 para contacto incidental con alimentos.","Evita la formaci√≥n de grumos en rodamientos.
@Evita el escurrimiento inhibiendo la contaminaci√≥n.
@Disminuye el consumo de lubricante.
@Alta resistencia a la humedad.
@Excelentes propiedades antidesgaste.
@Desempe√±o sobresaliente en mediana y alta velocidad.","El producto est√° especialmente dise√±ada para la lubricaci√≥n de rodamientos de mediana y alta velocidad en los cuales eventualmente se pudiera tener perdida de lubricante y este ultimo entrar en contacto con el alimento.
@El producto tiene excelente desempe√±o en la lubricaci√≥n de gu√≠as, correderas, bujes y elementos mec√°nicos, es poco reactiva y totalmente neutra a materiales org√°nicos e inorg√°nicos, metales ferrosos, blandos, pl√°sticos y cauchos.",Blanco,Suave
24,Grasa_22,Mineral USP,Complejo de Aluminio,3,100,245,255,3.2,250,,,40,3,,,,,,,,,,,,,,,,,,750000,-5,160,Grasa,Grasa especial para la industria alimenticia y farmac√©utica.,"El producto es una grasa lubricante para aplicaciones generales en la industria alimenticia,  resistente a condiciones de humedad, vapores y desinfectantes utilizados en la estas industrias.
El producto cumple con los lineamientos de la NSF (National Sanitation Foundation) como lubricante tipo H1 para contacto incidental con alimentos.","Evita la formaci√≥n de grumos en rodamientos.
@Evita el escurrimiento inhibiendo la contaminaci√≥n.
@Disminuye el consumo de lubricante.
@Alta resistencia a la humedad.
@Excelentes propiedades antidesgaste.
@Desempe√±o sobresaliente en mediana y alta velocidad.","El producto est√° especialmente dise√±ada para la lubricaci√≥n de rodamientos de mediana y alta velocidad en los cuales eventualmente se pudiera tener perdida de lubricante y este ultimo entrar en contacto con el alimento.
@El producto tiene excelente desempe√±o en la lubricaci√≥n de gu√≠as, correderas, bujes y elementos mec√°nicos, es poco reactiva y totalmente neutra a materiales org√°nicos e inorg√°nicos, metales ferrosos, blandos, pl√°sticos y cauchos.",Blanco,Suave
25,Grasa_24,Mineral USP,,1,220,315,260,3.9,300,,,40,2.5,,,,,,,,,,,,,,,,,,500000,-5,160,Grasa,Grasa especial para la industria alimenticia y farmac√©utica.,"El producto es una grasa lubricante para aplicaciones en la industria alimenticia,  en donde se requiere una alta resistencia a condiciones de humedad, vapores √°cidos y desinfectantes utilizados en la industria alimenticia. 
Los componentes con los que se utilizan en su elaboraci√≥n cumplen con las especificaciones marcadas por la FDA como lubricante para contacto accidental con alimentos seg√∫n el CFR (Code of Federal Regulations, 21 Parts 170-19 Food additives and related regulations) .","Evita la formaci√≥n de grumos en rodamientos.
@Evita el escurrimiento inhibiendo la contaminaci√≥n.
@Disminuye el consumo de lubricante.
@Alta resistencia a la humedad.
@Excelentes propiedades antidesgaste.
@Desempe√±o sobresaliente en mediana y alta velocidad.","El producto esta especialmente dise√±ada para la lubricaci√≥n de rodamientos de mediana y baja velocidad en los cuales eventualmente se pudiera tener perdida de lubricante y este ultimo entrar en contacto con el alimento.
@El producto  tiene excelente desempe√±o en la lubricaci√≥n de gu√≠as, correderas, bujes y elementos mec√°nicos en los cuales las condiciones de contaminaci√≥n sean extremas.
@El producto es poco reactiva y totalmente neutra a materiales org√°nicos e inorg√°nicos, metales ferrosos, blandos, pl√°sticos y cauchos.",Cristalino,Suave
26,Grasa_25,Mineral USP,,2,220,270,270,6.3,300,,,40,2.5,,,,,,,,,,,,,,,,,,350000,-5,160,Grasa,Grasa especial para la industria alimenticia y farmac√©utica.,"El producto es una grasa lubricante para aplicaciones en la industria alimenticia,  en donde se requiere una alta resistencia a condiciones de humedad, vapores √°cidos y desinfectantes utilizados en la industria alimenticia. 
Los componentes con los que se utilizan en su elaboraci√≥n cumplen con las especificaciones marcadas por la FDA como lubricante para contacto accidental con alimentos seg√∫n el CFR (Code of Federal Regulations, 21 Parts 170-19 Food additives and related regulations) .","Evita la formaci√≥n de grumos en rodamientos.
@Evita el escurrimiento inhibiendo la contaminaci√≥n.
@Disminuye el consumo de lubricante.
@Alta resistencia a la humedad.
@Excelentes propiedades antidesgaste.
@Desempe√±o sobresaliente en mediana y alta velocidad.","El producto esta especialmente dise√±ada para la lubricaci√≥n de rodamientos de mediana y baja velocidad en los cuales eventualmente se pudiera tener perdida de lubricante y este ultimo entrar en contacto con el alimento.
@El producto  tiene excelente desempe√±o en la lubricaci√≥n de gu√≠as, correderas, bujes y elementos mec√°nicos en los cuales las condiciones de contaminaci√≥n sean extremas.
@El producto es poco reactiva y totalmente neutra a materiales org√°nicos e inorg√°nicos, metales ferrosos, blandos, pl√°sticos y cauchos.",Cristalino,Suave
27,Grasa_26,Mineral USP,Complejo Sulfonato de Calcio,1,100,325,304,1.4,500,0.35,,40,0.02,,,,154453,,,,,,,,,,,,,,900000,-5,180,Grasa,Grasa de alta resistencia para industria alimenticia y farmac√©utica.,"El producto es una grasa lubricante formulada con una base altamente resistente a la humedad y medios qu√≠micos com√∫n-mente utilizados en la industria alimenticia. 
Se recomienda para aplicaciones especiales y generales en la industria alimenticia, resistente a altas temperaturas, condiciones de humedad, vapores y desinfectantes utilizados en la industria alimenticia.","Excelente protecci√≥n contra el desgaste.
@Buena resistencia al lavado por agua, vapores y desinfectantes.
@Excelente adherencia a partes met√°licas en movimiento.
@Gran resistencia a la corrosi√≥n y herrumbre.","Especialmente dise√±ada para la lubricaci√≥n de mecanismos de mediana a alta velocidad en los cuales eventualmente se pudiera tener perdida de lubricante y este ultimo entrar en contacto con el alimento.
@Cuenta con un excelente desempe√±o en la lubricaci√≥n de rodamientos, gu√≠as, correderas, bujes, engranes peque√±os y elementos mec√°nicos.
@El producto es poco reactiva y totalmente neutra a materiales org√°nicos e inorg√°nicos, metales ferrosos, blandos, pl√°sticos y cauchos.",Beige,Suave
28,Grasa_27,Mineral USP,Complejo Sulfonato de Calcio,2,100,290,304,1.4,500,0.35,,40,0.02,,,,154453,,,,,,,,,,,,,,900000,-5,180,Grasa,Grasa de alta resistencia para industria alimenticia y farmac√©utica.,"El producto es una grasa lubricante formulada con una base altamente resistente a la humedad y medios qu√≠micos com√∫n-mente utilizados en la industria alimenticia. 
Se recomienda para aplicaciones especiales y generales en la industria alimenticia, resistente a altas temperaturas, condiciones de humedad, vapores y desinfectantes utilizados en la industria alimenticia.","Excelente protecci√≥n contra el desgaste.
@Buena resistencia al lavado por agua, vapores y desinfectantes.
@Excelente adherencia a partes met√°licas en movimiento.
@Gran resistencia a la corrosi√≥n y herrumbre.","Especialmente dise√±ada para la lubricaci√≥n de mecanismos de mediana a alta velocidad en los cuales eventualmente se pudiera tener perdida de lubricante y este ultimo entrar en contacto con el alimento.
@Cuenta con un excelente desempe√±o en la lubricaci√≥n de rodamientos, gu√≠as, correderas, bujes, engranes peque√±os y elementos mec√°nicos.
@El producto es poco reactiva y totalmente neutra a materiales org√°nicos e inorg√°nicos, metales ferrosos, blandos, pl√°sticos y cauchos.",Beige,Suave
29,Grasa_28,Mineral HT,Complejo Sulfonato de Calcio,0,3500,365,140,1.6,620,0.45,,60,,,,,,,,,,,,,,,,,,,,-5,150,Grasa,Lubricante especial para engranes de palas mec√°nicas.,"El producto es un lubricante especial para sistemas de engranajes abiertos sujetos a grandes presiones en aplicaciones de miner√≠a.
Est√° formulado con una mezcla de b√°sicos de alta viscosidad, aditivos de adherencia as√≠ como de extrema presi√≥n, antidesgaste, y anti-corrosivos que proveen una pel√≠cula lubricante de gran polaridad que previene el contacto entre las superficies de los dientes evitando as√≠ el desgaste y aportando alta resistencia a las condiciones medioambientales. ","Alta polaridad a la superficie de los engrane.
@Excelente protecci√≥n anti-degaste.
@Alto soporte de carga extrema.
@Pel√≠cula lubricante adhesiva.
@Excelente protecci√≥n en ambientes agresivos
@M√≠nimo escurrimiento en aplicaci√≥n.",Es recomendado para la lubricaci√≥n de engranes y cables de palas mec√°nicas,Negro,Viscosa adherente
30,Grasa_29,Mineral HT,Complejo de Aluminio - Poliurea,1,680,310,260,6.5,620,0.48,98,50,1.45,,1a,,,,,,,,,,,,,,,,200000,-10,150,Grasa,Grasa lubricante con alta resistencia a humedad y medios qu√≠micos con alto soporte a cargas extremas.,"El producto es un grasa lubricante con propiedades especiales de gran adhesi√≥n y elevado soporte a cargas extremas, esta elaborada a base de aceites minerales altamente refinados espesados con un agente complejo de Aluminio-Poliurea.
Por sus caracter√≠sticas es ideal para la lubricaci√≥n de mecanismos que operan en velocidades bajas, adem√°s proporciona excelentes propiedades de sellado contra los medios h√∫medos y contaminantes agresivos como sustancias alcalinas y acidas.","Excelente soporte de carga extrema.
@Excelente resistencia al lavado por agua.
@Alta resistencia a medios qu√≠micos agresivos.
@Excelente adherencia a partes en movimiento.
@Gran protecci√≥n contra la corrosi√≥n.","Lubricaci√≥n de rodamientos en:
@Procesos de laminaci√≥n en caliente y frio.
@M√°quinas de tratamiento h√∫medo textil.
@Secadoras de papel y cart√≥n.
@Procesos de decapado.",Beige,Adherente
31,Grasa_30,Mineral HT,Complejo de Aluminio - Poliurea,1.5,680,300,260,6.5,620,0.48,98,50,1.45,,1a,,,,,,,,,,,,,,,,200000,-5,150,Grasa,Grasa lubricante con alta resistencia a humedad y medios qu√≠micos con alto soporte a cargas extremas.,"El producto es un grasa lubricante con propiedades especiales de gran adhesi√≥n y elevado soporte a cargas extremas, esta elaborada a base de aceites minerales altamente refinados espesados con un agente complejo de Aluminio-Poliurea.
Por sus caracter√≠sticas es ideal para la lubricaci√≥n de mecanismos que operan en velocidades bajas, adem√°s proporciona excelentes propiedades de sellado contra los medios h√∫medos y contaminantes agresivos como sustancias alcalinas y acidas.","Excelente soporte de carga extrema.
@Excelente resistencia al lavado por agua.
@Alta resistencia a medios qu√≠micos agresivos.
@Excelente adherencia a partes en movimiento.
@Gran protecci√≥n contra la corrosi√≥n.","Lubricaci√≥n de rodamientos en:
@Procesos de laminaci√≥n en caliente y frio.
@M√°quinas de tratamiento h√∫medo textil.
@Secadoras de papel y cart√≥n.
@Procesos de decapado.",Beige,Adherente
32,Grasa_31,Mineral HT,Complejo de Aluminio - Poliurea,2,680,275,260,6.5,620,0.48,98,50,1.45,,1a,,,,,,,,,,,,,,,,200000,-5,150,Grasa,Grasa lubricante con alta resistencia a humedad y medios qu√≠micos con alto soporte a cargas extremas.,"El producto es un grasa lubricante con propiedades especiales de gran adhesi√≥n y elevado soporte a cargas extremas, esta elaborada a base de aceites minerales altamente refinados espesados con un agente complejo de Aluminio-Poliurea.
Por sus caracter√≠sticas es ideal para la lubricaci√≥n de mecanismos que operan en velocidades bajas, adem√°s proporciona excelentes propiedades de sellado contra los medios h√∫medos y contaminantes agresivos como sustancias alcalinas y acidas.","Excelente soporte de carga extrema.
@Excelente resistencia al lavado por agua.
@Alta resistencia a medios qu√≠micos agresivos.
@Excelente adherencia a partes en movimiento.
@Gran protecci√≥n contra la corrosi√≥n.","Lubricaci√≥n de rodamientos en:
@Procesos de laminaci√≥n en caliente y frio.
@M√°quinas de tratamiento h√∫medo textil.
@Secadoras de papel y cart√≥n.
@Procesos de decapado.",Beige,Adherente
33,Grasa_32,Mineral HT,Complejo de Aluminio - Poliurea,3,680,230,260,5.2,620,0.48,98,50,0.32,,1a,,,,,,,,,,,,,,,,200000,5,150,Grasa,Grasa lubricante con alta resistencia a humedad y medios qu√≠micos con alto soporte a cargas extremas.,"El producto es un grasa lubricante con propiedades especiales de gran adhesi√≥n y elevado soporte a cargas extremas, esta elaborada a base de aceites minerales altamente refinados espesados con un agente complejo de Aluminio-Poliurea.
Por sus caracter√≠sticas es ideal para la lubricaci√≥n de mecanismos que operan en velocidades bajas, adem√°s proporciona excelentes propiedades de sellado contra los medios h√∫medos y contaminantes agresivos como sustancias alcalinas y acidas.","Excelente soporte de carga extrema.
@Excelente resistencia al lavado por agua.
@Alta resistencia a medios qu√≠micos agresivos.
@Excelente adherencia a partes en movimiento.
@Gran protecci√≥n contra la corrosi√≥n.","Lubricaci√≥n de rodamientos en:
@Procesos de laminaci√≥n en caliente y frio.
@M√°quinas de tratamiento h√∫medo textil.
@Secadoras de papel y cart√≥n.
@Procesos de decapado.",Beige,Adherente
34,Grasa_33,Mineral,Complejo de Poliurea,0,120,415,190,11,315,,,45,,,,,,,,,,,,,,,,,,,400000,-15,110,Grasa,Grasas universal de larga duraci√≥n.,"El producto es una grasa lubricante para aplicaciones donde los requerimientos t√©cnicos exigen un rendimiento de larga duraci√≥n, est√°n elaboradas a base de aceites minerales de alta refinaci√≥n, espesados con un agente especial a base de poliurea compleja y aditivada con un conjunto de componentes que aportan gran rendimiento en condiciones de oxidaci√≥n, corrosi√≥n y carga, logrando con ello excelentes propiedades lubricantes para m√∫ltiples aplicaciones.","Alta estabilidad t√©rmica y antioxidante.
@Excelente estabilidad a la fuerza din√°mica y presi√≥n.
@Excelente protecci√≥n contra el desgaste.
@Excelente protecci√≥n contra la corrosi√≥n y herrumbre.
@Resistente contra agua, vapor y soluciones √°cidas y alcalinas.
@Alta adherencia a los metales.","El producto est√°n formuladas para satisfacer en forma general la lubricaci√≥n de rodamientos, cojinetes lisos y mecanismos en lubricaci√≥n de tipo universal y es apropiada en todo tipo de industrias tales como:  minera, acerera, textil, papelera, cementera, automotriz, embotelladora y en la construcci√≥n, en transportadores, montacargas, imprentas, motores el√©ctricos, m√°quinas-herramientas, etc.",Beige,Suave
35,Grasa_34,Mineral,Complejo de Poliurea,0,120,370,230,11,315,,,45,,,,,,,,,,,,,,,,,,,400000,-15,110,Grasa,Grasas universal de larga duraci√≥n.,"El producto es una grasa lubricante para aplicaciones donde los requerimientos t√©cnicos exigen un rendimiento de larga duraci√≥n, est√°n elaboradas a base de aceites minerales de alta refinaci√≥n, espesados con un agente especial a base de poliurea compleja y aditivada con un conjunto de componentes que aportan gran rendimiento en condiciones de oxidaci√≥n, corrosi√≥n y carga, logrando con ello excelentes propiedades lubricantes para m√∫ltiples aplicaciones.","Alta estabilidad t√©rmica y antioxidante.
@Excelente estabilidad a la fuerza din√°mica y presi√≥n.
@Excelente protecci√≥n contra el desgaste.
@Excelente protecci√≥n contra la corrosi√≥n y herrumbre.
@Resistente contra agua, vapor y soluciones √°cidas y alcalinas.
@Alta adherencia a los metales.","El producto est√°n formuladas para satisfacer en forma general la lubricaci√≥n de rodamientos, cojinetes lisos y mecanismos en lubricaci√≥n de tipo universal y es apropiada en todo tipo de industrias tales como:  minera, acerera, textil, papelera, cementera, automotriz, embotelladora y en la construcci√≥n, en transportadores, montacargas, imprentas, motores el√©ctricos, m√°quinas-herramientas, etc.",Beige,Suave
36,Grasa_35,Mineral,Complejo de Poliurea,1,120,315,235,6.2,315,,,45,2.5,,,,,,,,,,,,,,,,,,400000,-15,110,Grasa,Grasas universal de larga duraci√≥n.,"El producto es una grasa lubricante para aplicaciones donde los requerimientos t√©cnicos exigen un rendimiento de larga duraci√≥n, est√°n elaboradas a base de aceites minerales de alta refinaci√≥n, espesados con un agente especial a base de poliurea compleja y aditivada con un conjunto de componentes que aportan gran rendimiento en condiciones de oxidaci√≥n, corrosi√≥n y carga, logrando con ello excelentes propiedades lubricantes para m√∫ltiples aplicaciones.","Alta estabilidad t√©rmica y antioxidante.
@Excelente estabilidad a la fuerza din√°mica y presi√≥n.
@Excelente protecci√≥n contra el desgaste.
@Excelente protecci√≥n contra la corrosi√≥n y herrumbre.
@Resistente contra agua, vapor y soluciones √°cidas y alcalinas.
@Alta adherencia a los metales.","El producto est√°n formuladas para satisfacer en forma general la lubricaci√≥n de rodamientos, cojinetes lisos y mecanismos en lubricaci√≥n de tipo universal y es apropiada en todo tipo de industrias tales como:  minera, acerera, textil, papelera, cementera, automotriz, embotelladora y en la construcci√≥n, en transportadores, montacargas, imprentas, motores el√©ctricos, m√°quinas-herramientas, etc.",Beige,Suave
37,Grasa_36,Mineral,Complejo de Poliurea,1.5,120,310,235,5.8,315,,,45,2.4,,,,,,,,,,,,,,,,,,400000,-15,110,Grasa,Grasas universal de larga duraci√≥n.,"El producto es una grasa lubricante para aplicaciones donde los requerimientos t√©cnicos exigen un rendimiento de larga duraci√≥n, est√°n elaboradas a base de aceites minerales de alta refinaci√≥n, espesados con un agente especial a base de poliurea compleja y aditivada con un conjunto de componentes que aportan gran rendimiento en condiciones de oxidaci√≥n, corrosi√≥n y carga, logrando con ello excelentes propiedades lubricantes para m√∫ltiples aplicaciones.","Alta estabilidad t√©rmica y antioxidante.
@Excelente estabilidad a la fuerza din√°mica y presi√≥n.
@Excelente protecci√≥n contra el desgaste.
@Excelente protecci√≥n contra la corrosi√≥n y herrumbre.
@Resistente contra agua, vapor y soluciones √°cidas y alcalinas.
@Alta adherencia a los metales.","El producto est√°n formuladas para satisfacer en forma general la lubricaci√≥n de rodamientos, cojinetes lisos y mecanismos en lubricaci√≥n de tipo universal y es apropiada en todo tipo de industrias tales como:  minera, acerera, textil, papelera, cementera, automotriz, embotelladora y en la construcci√≥n, en transportadores, montacargas, imprentas, motores el√©ctricos, m√°quinas-herramientas, etc.",Beige,Suave
38,Grasa_37,Mineral,Complejo de Poliurea,2,120,276,235,5.3,315,,,45,2.4,,,,,,,,,,,,,,,,,,400000,-15,110,Grasa,Grasas universal de larga duraci√≥n.,"El producto es una grasa lubricante para aplicaciones donde los requerimientos t√©cnicos exigen un rendimiento de larga duraci√≥n, est√°n elaboradas a base de aceites minerales de alta refinaci√≥n, espesados con un agente especial a base de poliurea compleja y aditivada con un conjunto de componentes que aportan gran rendimiento en condiciones de oxidaci√≥n, corrosi√≥n y carga, logrando con ello excelentes propiedades lubricantes para m√∫ltiples aplicaciones.","Alta estabilidad t√©rmica y antioxidante.
@Excelente estabilidad a la fuerza din√°mica y presi√≥n.
@Excelente protecci√≥n contra el desgaste.
@Excelente protecci√≥n contra la corrosi√≥n y herrumbre.
@Resistente contra agua, vapor y soluciones √°cidas y alcalinas.
@Alta adherencia a los metales.","El producto est√°n formuladas para satisfacer en forma general la lubricaci√≥n de rodamientos, cojinetes lisos y mecanismos en lubricaci√≥n de tipo universal y es apropiada en todo tipo de industrias tales como:  minera, acerera, textil, papelera, cementera, automotriz, embotelladora y en la construcci√≥n, en transportadores, montacargas, imprentas, motores el√©ctricos, m√°quinas-herramientas, etc.",Beige,Suave
39,Grasa_38,Mineral,Complejo de Poliurea,3,120,236,250,6,315,,,45,3.2,,,,,,,,,,,,,,,,,,350000,-10,120,Grasa,Grasas universal de larga duraci√≥n.,"El producto es una grasa lubricante para aplicaciones donde los requerimientos t√©cnicos exigen un rendimiento de larga duraci√≥n, est√°n elaboradas a base de aceites minerales de alta refinaci√≥n, espesados con un agente especial a base de poliurea compleja y aditivada con un conjunto de componentes que aportan gran rendimiento en condiciones de oxidaci√≥n, corrosi√≥n y carga, logrando con ello excelentes propiedades lubricantes para m√∫ltiples aplicaciones.","Alta estabilidad t√©rmica y antioxidante.
@Excelente estabilidad a la fuerza din√°mica y presi√≥n.
@Excelente protecci√≥n contra el desgaste.
@Excelente protecci√≥n contra la corrosi√≥n y herrumbre.
@Resistente contra agua, vapor y soluciones √°cidas y alcalinas.
@Alta adherencia a los metales.","El producto est√°n formuladas para satisfacer en forma general la lubricaci√≥n de rodamientos, cojinetes lisos y mecanismos en lubricaci√≥n de tipo universal y es apropiada en todo tipo de industrias tales como:  minera, acerera, textil, papelera, cementera, automotriz, embotelladora y en la construcci√≥n, en transportadores, montacargas, imprentas, motores el√©ctricos, m√°quinas-herramientas, etc.",Beige,Suave
40,Grasa_39,Mineral HT,Complejo Sulfonato de Calcio,0,1500,365,304,4.4,620,0.45,,60,3.7,,1a,,,,,,,,,Pasa,,,,,,,200000,-5,190,Grasa,Grasa de servicio pesado para alta resistencia t√©rmica y larga duraci√≥n.,"El producto es una grasa lubricante de servicio pesado, espesada con complejo sulfonato de calcio el cual por su naturaleza le provee una extraordinaria resistencia t√©rmica y antioxidante. Su configuraci√≥n de aditivos le permite mantener una excelente lubricidad y soporte de carga extrema en condiciones criticas de temperatura.
Posee excelentes propiedades sellantes y de resistencia a medios agresivos como emulsiones de aceite, mantiene una protecci√≥n anticorrosiva y caracter√≠sticas de soporte de carga y anti-desgaste excep-cionales. ","Alta estabilidad t√©rmica y antioxidante.
@Excelentes caracter√≠sticas de lavado por agua y sellado del rodamiento.
@Excelente estabilidad de trabajo mec√°nico.
@Alta resistencia a extrema presi√≥n y desgaste.
@Excelente protecci√≥n contra corrosi√≥n y herrumbre.
@Alta adherencia a las partes met√°licas en movimiento.","Rodamientos expuestos a alta temperatura y cargas mec√°nicas.
@Rodamientos de trenes de laminado de metales.
@Rodamientos en condiciones de extremo lavado por agua.",Ambar,Adherente
41,Grasa_40,Mineral HT,Complejo Sulfonato de Calcio,1.5,1500,300,304,1,620,0.45,,60,0.3,,1a,,,,,,,,,Pasa,,,,,,,200000,-5,190,Grasa,Grasa de servicio pesado para alta resistencia t√©rmica y larga duraci√≥n.,"El producto es una grasa lubricante de servicio pesado, espesada con complejo sulfonato de calcio el cual por su naturaleza le provee una extraordinaria resistencia t√©rmica y antioxidante. Su configuraci√≥n de aditivos le permite mantener una excelente lubricidad y soporte de carga extrema en condiciones criticas de temperatura.
Posee excelentes propiedades sellantes y de resistencia a medios agresivos como emulsiones de aceite, mantiene una protecci√≥n anticorrosiva y caracter√≠sticas de soporte de carga y anti-desgaste excep-cionales. ","Alta estabilidad t√©rmica y antioxidante.
@Excelentes caracter√≠sticas de lavado por agua y sellado del rodamiento.
@Excelente estabilidad de trabajo mec√°nico.
@Alta resistencia a extrema presi√≥n y desgaste.
@Excelente protecci√≥n contra corrosi√≥n y herrumbre.
@Alta adherencia a las partes met√°licas en movimiento.","Rodamientos expuestos a alta temperatura y cargas mec√°nicas.
@Rodamientos de trenes de laminado de metales.
@Rodamientos en condiciones de extremo lavado por agua.",Ambar,Adherente
42,Grasa_41,Mineral HT,Complejo Sulfonato de Calcio,2,1500,280,304,1,620,0.45,,60,0.3,,1a,,,,,,,,,Pasa,,,,,,,200000,-5,190,Grasa,Grasa de servicio pesado para alta resistencia t√©rmica y larga duraci√≥n.,"El producto es una grasa lubricante de servicio pesado, espesada con complejo sulfonato de calcio el cual por su naturaleza le provee una extraordinaria resistencia t√©rmica y antioxidante. Su configuraci√≥n de aditivos le permite mantener una excelente lubricidad y soporte de carga extrema en condiciones criticas de temperatura.
Posee excelentes propiedades sellantes y de resistencia a medios agresivos como emulsiones de aceite, mantiene una protecci√≥n anticorrosiva y caracter√≠sticas de soporte de carga y anti-desgaste excep-cionales. ","Alta estabilidad t√©rmica y antioxidante.
@Excelentes caracter√≠sticas de lavado por agua y sellado del rodamiento.
@Excelente estabilidad de trabajo mec√°nico.
@Alta resistencia a extrema presi√≥n y desgaste.
@Excelente protecci√≥n contra corrosi√≥n y herrumbre.
@Alta adherencia a las partes met√°licas en movimiento.","Rodamientos expuestos a alta temperatura y cargas mec√°nicas.
@Rodamientos de trenes de laminado de metales.
@Rodamientos en condiciones de extremo lavado por agua.",Ambar,Adherente
43,Grasa_42,,Complejo de Litio,2,320,270,304,2.1,900,0.4,,60,1.2,,1a,,,,,,,,,,,,,,,,300000,-15,150,Grasa,Grasa para lubricaci√≥n de equipo pesado con bisulfuro de molibdeno.,"El producto es una grasa lubricante de gran adherencia y consistencia, con excelente resistencia al lavado de agua, alto soporte de carga extrema y lubricantes solidos. 
Los aceites y la base de jab√≥n complejo de litio especial proporciona una excelente estabilidad mec√°nica y t√©rmica permitiendo trabajar bajo condiciones extremas de baja y alta temperatura. Su paquete de aditivos de extrema presi√≥n y anti-desgaste le permiten soportar las cargas m√°s extremas de equipos fuera de mina adem√°s de proporcionar protecci√≥n anticorrosiva tanto a aleaciones ferrosas como de cobre. 
Contiene 5 % de lubricantes s√≥lidos para brindar una mayor resistencia a la pel√≠cula lubricante en condiciones extremas de vibraci√≥n y carga.","Alta estabilidad t√©rmica y anti-oxidante.
@Alta resistencia a extrema presi√≥n.
@Excelente protecci√≥n contra el desgaste, corrosi√≥n y herrumbre.
@Alta adherencia a las partes met√°licas en movimiento.
@Excelentes caracter√≠sticas de lavado por agua.","Lubricaci√≥n centralizada de equipo pesado.
@Chasis y sistemas centralizados en palas mec√°nicas.
@Quinta rueda en camiones de carga.
@Rodamientos expuestos a alta carga y vibraci√≥n.",Negro,Suave
44,Grasa_43,Mineral HC,Complejo de Litio,0,220,350 - 370,200,8,315,0.5,,45,4,,,,,,,,,,,,,,,,,,,-20,90,Grasa,Grasa lubricante para elementos mec√°nicos,"El producto es una grasa formulada con aceite base mineral, un espesante de Complejo de Litio y aditivos seleccionados que  dan como resultado excelente estabilidad mec√°nica,  t√©rmica y una lubricaci√≥n de larga vida.
Mantiene protecci√≥n anticorrosiva y caracter√≠sticas de soporte de carga/anti-desgaste extraordinarias por largos periodos","Larga vida de lubricaci√≥n.
@Amplio rango de temperaturas de operaci√≥n.
@Excelente capacidad anti-desgaste.
@Excelente protecci√≥n anti-corrosiva.
@Alta estabilidad t√©rmica y antioxidante.",Para  lubricar mecanismos de cerraduras sujetas a fricci√≥n deslizante con componentes met√°licos y pl√°sticos,Beige,Suave Adherente
45,Grasa_44,Mineral HC,Complejo de Litio,1,220,310 - 330,280,5,315,0.5,,45,3,,,,,,,,,,,,,,,,,,,-20,90,Grasa,Grasa lubricante para elementos mec√°nicos,"El producto es una grasa formulada con aceite base mineral, un espesante de Complejo de Litio y aditivos seleccionados que  dan como resultado excelente estabilidad mec√°nica,  t√©rmica y una lubricaci√≥n de larga vida.
Mantiene protecci√≥n anticorrosiva y caracter√≠sticas de soporte de carga/anti-desgaste extraordinarias por largos periodos","Larga vida de lubricaci√≥n.
@Amplio rango de temperaturas de operaci√≥n.
@Excelente capacidad anti-desgaste.
@Excelente protecci√≥n anti-corrosiva.
@Alta estabilidad t√©rmica y antioxidante.",Para  lubricar mecanismos de cerraduras sujetas a fricci√≥n deslizante con componentes met√°licos y pl√°sticos,Beige,Suave Adherente
46,Grasa_45,Mineral HC,Complejo de Litio,2,220,265 - 290,280,5,315,0.5,,45,3,,,,,,,,,,,,,,,,,,,-20,90,Grasa,Grasa lubricante para elementos mec√°nicos,"El producto es una grasa formulada con aceite base mineral, un espesante de Complejo de Litio y aditivos seleccionados que  dan como resultado excelente estabilidad mec√°nica,  t√©rmica y una lubricaci√≥n de larga vida.
Mantiene protecci√≥n anticorrosiva y caracter√≠sticas de soporte de carga/anti-desgaste extraordinarias por largos periodos","Larga vida de lubricaci√≥n.
@Amplio rango de temperaturas de operaci√≥n.
@Excelente capacidad anti-desgaste.
@Excelente protecci√≥n anti-corrosiva.
@Alta estabilidad t√©rmica y antioxidante.",Para  lubricar mecanismos de cerraduras sujetas a fricci√≥n deslizante con componentes met√°licos y pl√°sticos,Beige,Suave Adherente
47,Grasa_46,Mineral USP,,1,40,310 - 340,> 230,< 15,250,,,> 40,< 5,,,,,,,,,,,,,,,,,,1000000,-10,160,Grasa,Grasa especial para alta velocidad en la industria alimenticia y farmac√©utica.,"El producto es una grasa lubricante para aplicaciones de alta velocidad en la industria alimenticia, es resistente a condiciones de humedad, vapores y desinfectantes utilizados en la industria alimenticia. 
Los ingredientes con los que se utilizan en su elaboraci√≥n cumplen con las especificaciones marcadas por la FDA como lubricante para contacto accidental con alimentos seg√∫n CFR (Code of Federal Regulations, 21 Parts 170-19 Food additives and related regulations). ","Evita la formaci√≥n de grumos en rodamientos.
@Evita el escurrimiento inhibiendo la contaminaci√≥n.
@Disminuye el consumo de lubricante.
@Excelentes propiedades antidesgaste.
@Desempe√±o sobresaliente en medianas y altas velocidades.
@Es poco reactiva y totalmente neutra a materiales org√°nicos e inorg√°nicos, metales ferrosos, blandos, pl√°sticos y cauchos.
Resistencia a la humedad.","El producto esta especialmente dise√±ada para la lubricaci√≥n de rodamientos de alta velocidad en los cuales eventualmente se pudiera tener perdida de lubricante y este ultimo entrar en contacto con el alimento.
@El producto tiene excelente desempe√±o en la lubricaci√≥n de gu√≠as, correderas, bujes y elementos mec√°nicos.",Blanco,Suave
48,Grasa_47,Mineral USP,,2,40,265 - 295,> 230,< 15,250,,,> 40,< 5,,,,153194,,,,,,,,,,,,,,1000000,-10,160,Grasa,Grasa especial para alta velocidad en la industria alimenticia y farmac√©utica.,"El producto es una grasa lubricante para aplicaciones de alta velocidad en la industria alimenticia, es resistente a condiciones de humedad, vapores y desinfectantes utilizados en la industria alimenticia. 
Los ingredientes con los que se utilizan en su elaboraci√≥n cumplen con las especificaciones marcadas por la FDA como lubricante para contacto accidental con alimentos seg√∫n CFR (Code of Federal Regulations, 21 Parts 170-19 Food additives and related regulations). ","Evita la formaci√≥n de grumos en rodamientos.
@Evita el escurrimiento inhibiendo la contaminaci√≥n.
@Disminuye el consumo de lubricante.
@Excelentes propiedades antidesgaste.
@Desempe√±o sobresaliente en medianas y altas velocidades.
@Es poco reactiva y totalmente neutra a materiales org√°nicos e inorg√°nicos, metales ferrosos, blandos, pl√°sticos y cauchos.
Resistencia a la humedad.","El producto esta especialmente dise√±ada para la lubricaci√≥n de rodamientos de alta velocidad en los cuales eventualmente se pudiera tener perdida de lubricante y este ultimo entrar en contacto con el alimento.
@El producto tiene excelente desempe√±o en la lubricaci√≥n de gu√≠as, correderas, bujes y elementos mec√°nicos.",Blanco,Suave
49,Grasa_22,Mineral USP,,3,40,220 - 250,> 230,< 15,250,,,> 40,< 5,,,,,,,,,,,,,,,,,,900000,-5,160,Grasa,Grasa especial para alta velocidad en la industria alimenticia y farmac√©utica.,"El producto es una grasa lubricante para aplicaciones de alta velocidad en la industria alimenticia, es resistente a condiciones de humedad, vapores y desinfectantes utilizados en la industria alimenticia. 
Los ingredientes con los que se utilizan en su elaboraci√≥n cumplen con las especificaciones marcadas por la FDA como lubricante para contacto accidental con alimentos seg√∫n CFR (Code of Federal Regulations, 21 Parts 170-19 Food additives and related regulations). ","Evita la formaci√≥n de grumos en rodamientos.
@Evita el escurrimiento inhibiendo la contaminaci√≥n.
@Disminuye el consumo de lubricante.
@Excelentes propiedades antidesgaste.
@Desempe√±o sobresaliente en medianas y altas velocidades.
@Es poco reactiva y totalmente neutra a materiales org√°nicos e inorg√°nicos, metales ferrosos, blandos, pl√°sticos y cauchos.
Resistencia a la humedad.","El producto esta especialmente dise√±ada para la lubricaci√≥n de rodamientos de alta velocidad en los cuales eventualmente se pudiera tener perdida de lubricante y este ultimo entrar en contacto con el alimento.
@El producto tiene excelente desempe√±o en la lubricaci√≥n de gu√≠as, correderas, bujes y elementos mec√°nicos.",Blanco,Suave
50,Grasa_48,Semi-Sintetico,Bentonita,1,220,320,304,8,315,0.5,,40,3,,,,141297,,,,,,,,,,,,,,750000,-5,160,Grasa,Grasa especial para la industria alimenticia y farmac√©utica.,"El producto es una grasa lubricante para aplicaciones generales en la industria alimenticia.
El producto est√° aprobada por NSF como lubricante tipo H1 para contacto incidental con alimentos.","Excelente protecci√≥n contra el desgaste.
@Buena resistencia al lavado por agua, vapores y desinfectantes.
@Excelente adherencia a partes met√°licas en movimiento.
@Gran resistencia a la corrosi√≥n y herrumbre.","Lubricaci√≥n de rodamientos, bujes y otros elementos en general en la industria alimenticia donde existe la posibilidad de contacto incidental con alimentos.
@Lubricaci√≥n gu√≠as, correderas, bujes y elementos mec√°nicos de la industria de inyecci√≥n en pl√°stico.",Blanco,Suave
51,Grasa_49,Semi-Sintetico,Bentonita,1.5,220,300,304,8,315,0.5,,40,3,,,,141298,,,,,,,,,,,,,,750000,-5,160,Grasa,Grasa especial para la industria alimenticia y farmac√©utica.,"El producto es una grasa lubricante para aplicaciones generales en la industria alimenticia.
El producto est√° aprobada por NSF como lubricante tipo H1 para contacto incidental con alimentos.","Excelente protecci√≥n contra el desgaste.
@Buena resistencia al lavado por agua, vapores y desinfectantes.
@Excelente adherencia a partes met√°licas en movimiento.
@Gran resistencia a la corrosi√≥n y herrumbre.","Lubricaci√≥n de rodamientos, bujes y otros elementos en general en la industria alimenticia donde existe la posibilidad de contacto incidental con alimentos.
@Lubricaci√≥n gu√≠as, correderas, bujes y elementos mec√°nicos de la industria de inyecci√≥n en pl√°stico.",Blanco,Suave
